<?xml version="1.0" encoding="UTF-8"?>
<project-private xmlns="http://www.netbeans.org/ns/project-private/1">
    <editor-bookmarks xmlns="http://www.netbeans.org/ns/editor-bookmarks/2" lastBookmarkId="0"/>
    <open-files xmlns="http://www.netbeans.org/ns/projectui-open-files/2">
        <group>
            <file>file:/D:/download/College%20Life/1st%20Year%20-%203rd%20term/CCPROG3/MCO2%20DELIVERABLES/AUG2MCO2/MCO2GUI/src/mco2gui/mainMenu.java</file>
            <file>file:/D:/download/College%20Life/1st%20Year%20-%203rd%20term/CCPROG3/MCO2%20DELIVERABLES/AUG2MCO2/MCO2GUI/src/mco2gui/SVM.java</file>
        </group>
    </open-files>
</project-private>
